{"@context":{"@vocab":"http://openlca.org/schema/v1.0/","@base":"http://openlca.org/schema/v1.0/","modelType":{"@type":"@vocab"},"flowPropertyType":{"@type":"@vocab"},"flowType":{"@type":"@vocab"},"distributionType":{"@type":"@vocab"},"parameterScope":{"@type":"@vocab"},"allocationType":{"@type":"@vocab"},"defaultAllocationMethod":{"@type":"@vocab"},"processType":{"@type":"@vocab"}},"@type":"Category","@id":"7c393da4-5f55-41d5-baa2-4216a299c21c","name":"high population density","modelType":"FLOW","parentCategory":{"@type":"Category","@id":"861abd18-00e7-49e9-85b1-de28560edea1","name":"air"}}