1238eeef-ed67-3829-a39c-a28c8ed53bb7,output,20aadc24-a391-41cf-b340-3e4529f44bde,93a60a56-a3c8-11da-a746-0800200b9a66
b6a1dd99-66df-3e43-b6a9-86d2bab54ab3,input,20aadc24-a391-41cf-b340-3e4529f44bde,93a60a56-a3c8-11da-a746-0800200b9a66
7eeb4b42-af80-3f0a-8a70-99379c9c0c40,output,20aadc24-a391-41cf-b340-3e4529f44bde,93a60a56-a3c8-11da-a746-0800200b9a66
f70c23c3-787d-318e-9e36-754fe422fa5a,input,20aadc24-a391-41cf-b340-3e4529f44bde,93a60a56-a3c8-11da-a746-0800200b9a66
0914d043-a6b3-30b4-ab31-6ac2687dc8b2,output,20aadc24-a391-41cf-b340-3e4529f44bde,93a60a56-a3c8-11da-a746-0800200b9a66
0c5de7d4-f009-379d-9c3c-420745e6c5b9,input,20aadc24-a391-41cf-b340-3e4529f44bde,93a60a56-a3c8-11da-a746-0800200b9a66
9839f95a-fc02-33af-8523-757063aec34c,output,20aadc24-a391-41cf-b340-3e4529f44bde,93a60a56-a3c8-11da-a746-0800200b9a66
669e8cd1-9024-3cc4-a2e3-c6c6a9c88938,input,20aadc24-a391-41cf-b340-3e4529f44bde,93a60a56-a3c8-11da-a746-0800200b9a66
64bb56c7-c6d7-3daa-a2a3-15c9c352a1ef,output,20aadc24-a391-41cf-b340-3e4529f44bde,93a60a56-a3c8-11da-a746-0800200b9a66
703176e3-8325-3799-9d2b-f804edc389c2,input,20aadc24-a391-41cf-b340-3e4529f44bde,93a60a56-a3c8-11da-a746-0800200b9a66
f8d9bc3f-703e-3e2f-bca3-f5dc167eba74,output,20aadc24-a391-41cf-b340-3e4529f44bde,93a60a56-a3c8-11da-a746-0800200b9a66
1d31f0bb-f3ce-3587-908d-b9deaf2858aa,input,20aadc24-a391-41cf-b340-3e4529f44bde,93a60a56-a3c8-11da-a746-0800200b9a66
25757d55-6d7f-32ae-8bbb-a5879dd9429e,output,20aadc24-a391-41cf-b340-3e4529f44bde,93a60a56-a3c8-11da-a746-0800200b9a66
893f8320-368b-3132-8243-4f3c99a96d96,input,20aadc24-a391-41cf-b340-3e4529f44bde,93a60a56-a3c8-11da-a746-0800200b9a66
ff9fe923-8a4f-3601-9fc6-9be247915bc9,output,20aadc24-a391-41cf-b340-3e4529f44bde,93a60a56-a3c8-11da-a746-0800200b9a66
62f0d89b-f092-3d6f-8d43-6738fd401ea2,input,20aadc24-a391-41cf-b340-3e4529f44bde,93a60a56-a3c8-11da-a746-0800200b9a66
ce9816a5-1ed4-3f7f-9aa4-bd2b18ac35da,output,20aadc24-a391-41cf-b340-3e4529f44bde,93a60a56-a3c8-11da-a746-0800200b9a66
66a34651-2b4c-3fe4-b295-023e3af0bd1e,input,20aadc24-a391-41cf-b340-3e4529f44bde,93a60a56-a3c8-11da-a746-0800200b9a66
ca39c3a8-fd6e-3bca-ad4a-c58df7a4c817,output,20aadc24-a391-41cf-b340-3e4529f44bde,93a60a56-a3c8-11da-a746-0800200b9a66
cd8dfafe-2a58-3d2f-9857-2a65c5a080eb,input,20aadc24-a391-41cf-b340-3e4529f44bde,93a60a56-a3c8-11da-a746-0800200b9a66
4aabdc78-e31b-3f46-b4d4-c8a97d817415,output,20aadc24-a391-41cf-b340-3e4529f44bde,93a60a56-a3c8-11da-a746-0800200b9a66
463d9091-e69e-38eb-88f1-5d4d9461521a,input,20aadc24-a391-41cf-b340-3e4529f44bde,93a60a56-a3c8-11da-a746-0800200b9a66
dec78c7d-3532-3118-a0f8-380f104f9462,output,20aadc24-a391-41cf-b340-3e4529f44bde,93a60a56-a3c8-11da-a746-0800200b9a66
db3ea812-546f-3ff0-9ffa-62f7e41d46b8,input,20aadc24-a391-41cf-b340-3e4529f44bde,93a60a56-a3c8-11da-a746-0800200b9a66
89829770-e801-3477-abe8-2abc6212e8b4,output,20aadc24-a391-41cf-b340-3e4529f44bde,93a60a56-a3c8-11da-a746-0800200b9a66
00be6247-fa44-348c-8ac2-c5e67eee5c39,input,20aadc24-a391-41cf-b340-3e4529f44bde,93a60a56-a3c8-11da-a746-0800200b9a66
2b8a7092-e2b7-3583-be1d-00cc25682aa4,output,20aadc24-a391-41cf-b340-3e4529f44bde,93a60a56-a3c8-11da-a746-0800200b9a66
3589b177-ff3b-3db7-a367-02b1d273ea80,input,20aadc24-a391-41cf-b340-3e4529f44bde,93a60a56-a3c8-11da-a746-0800200b9a66
e4a00961-886f-3fb8-9611-5774e1c5891c,output,20aadc24-a391-41cf-b340-3e4529f44bde,93a60a56-a3c8-11da-a746-0800200b9a66
d4c8e0e2-390f-3676-9812-ca673294fe75,input,20aadc24-a391-41cf-b340-3e4529f44bde,93a60a56-a3c8-11da-a746-0800200b9a66
21d4da9b-0723-3c8d-9722-082a08ff6ebf,output,20aadc24-a391-41cf-b340-3e4529f44bde,93a60a56-a3c8-11da-a746-0800200b9a66
b341c03d-c2ac-3831-a086-1045ba54f7c5,input,20aadc24-a391-41cf-b340-3e4529f44bde,93a60a56-a3c8-11da-a746-0800200b9a66
b8d552d7-3d2a-3597-9982-4004c6029404,output,20aadc24-a391-41cf-b340-3e4529f44bde,93a60a56-a3c8-11da-a746-0800200b9a66
3a368fdc-6923-311a-a249-7877885ef584,input,20aadc24-a391-41cf-b340-3e4529f44bde,93a60a56-a3c8-11da-a746-0800200b9a66
56d1b0b0-79d7-309a-bca4-1b02aaeeaec2,output,20aadc24-a391-41cf-b340-3e4529f44bde,93a60a56-a3c8-11da-a746-0800200b9a66
c1d8a1e9-8745-3a3e-bc6f-3076ef715d34,input,20aadc24-a391-41cf-b340-3e4529f44bde,93a60a56-a3c8-11da-a746-0800200b9a66
10726aae-124d-32fe-986d-bd2eb841dfcc,output,20aadc24-a391-41cf-b340-3e4529f44bde,93a60a56-a3c8-11da-a746-0800200b9a66
67698c42-ff78-31e6-bd7d-0f776f3f4718,input,20aadc24-a391-41cf-b340-3e4529f44bde,93a60a56-a3c8-11da-a746-0800200b9a66
d8ba198a-87bc-306d-a595-59ea6c4effa2,output,20aadc24-a391-41cf-b340-3e4529f44bde,93a60a56-a3c8-11da-a746-0800200b9a66
ab670e1d-d8d7-36f0-b1ca-4e0bfad6bcae,input,20aadc24-a391-41cf-b340-3e4529f44bde,93a60a56-a3c8-11da-a746-0800200b9a66
a036a7f5-2e07-377e-a7f9-0d716be4fb11,output,20aadc24-a391-41cf-b340-3e4529f44bde,93a60a56-a3c8-11da-a746-0800200b9a66
866853ce-09f1-3130-a5e2-ab8d86c062ef,input,20aadc24-a391-41cf-b340-3e4529f44bde,93a60a56-a3c8-11da-a746-0800200b9a66
3a774df7-3fac-3d9b-8c2b-d42449005539,output,20aadc24-a391-41cf-b340-3e4529f44bde,93a60a56-a3c8-11da-a746-0800200b9a66
7bb30168-bbda-31ce-aa5a-bed3616e67ae,input,20aadc24-a391-41cf-b340-3e4529f44bde,93a60a56-a3c8-11da-a746-0800200b9a66
4fa1e545-b3f7-3f80-a071-6e599559177d,output,20aadc24-a391-41cf-b340-3e4529f44bde,93a60a56-a3c8-11da-a746-0800200b9a66
33f8e73e-c9ac-3d91-9117-a7e5785610e7,input,20aadc24-a391-41cf-b340-3e4529f44bde,93a60a56-a3c8-11da-a746-0800200b9a66
e8d7046a-a0f3-351a-bcc3-3a17c68d70f0,output,20aadc24-a391-41cf-b340-3e4529f44bde,93a60a56-a3c8-11da-a746-0800200b9a66
a62d0330-7189-3b64-b0f0-5a429b82ca1d,input,20aadc24-a391-41cf-b340-3e4529f44bde,93a60a56-a3c8-11da-a746-0800200b9a66
fdc72df5-69d0-3360-b7e5-45defa6d0c5f,output,20aadc24-a391-41cf-b340-3e4529f44bde,93a60a56-a3c8-11da-a746-0800200b9a66
d34393ef-ac6f-3dde-b76e-4c73b687dc88,input,20aadc24-a391-41cf-b340-3e4529f44bde,93a60a56-a3c8-11da-a746-0800200b9a66
bfe937c5-adef-36ec-bdd1-b89bea9d505e,output,20aadc24-a391-41cf-b340-3e4529f44bde,93a60a56-a3c8-11da-a746-0800200b9a66
c2d92e09-6648-30c5-a992-2858b452b67f,input,20aadc24-a391-41cf-b340-3e4529f44bde,93a60a56-a3c8-11da-a746-0800200b9a66
cfcc98ff-1b3c-326b-a699-eba073851336,output,20aadc24-a391-41cf-b340-3e4529f44bde,93a60a56-a3c8-11da-a746-0800200b9a66
08a11df7-ba4f-36f6-985f-1a7d01dfb016,input,20aadc24-a391-41cf-b340-3e4529f44bde,93a60a56-a3c8-11da-a746-0800200b9a66
fa344494-45ea-386c-9909-f5a8174e9fab,output,20aadc24-a391-41cf-b340-3e4529f44bde,93a60a56-a3c8-11da-a746-0800200b9a66
3688201d-5fde-3155-9a07-e560717d4d99,input,20aadc24-a391-41cf-b340-3e4529f44bde,93a60a56-a3c8-11da-a746-0800200b9a66
6a1b56a3-d945-34c2-b117-864ec0e09d81,output,20aadc24-a391-41cf-b340-3e4529f44bde,93a60a56-a3c8-11da-a746-0800200b9a66
f0228d88-5737-34d5-8f5d-32a5d0113361,input,20aadc24-a391-41cf-b340-3e4529f44bde,93a60a56-a3c8-11da-a746-0800200b9a66
c8313085-f59e-39c3-aab8-4c0486aa41d9,output,20aadc24-a391-41cf-b340-3e4529f44bde,93a60a56-a3c8-11da-a746-0800200b9a66
fbb4710c-49d4-3319-9c08-43b5ba79d63f,input,20aadc24-a391-41cf-b340-3e4529f44bde,93a60a56-a3c8-11da-a746-0800200b9a66
0bf7fcec-e4d5-3fdf-8cc8-4848c6d3eed5,output,20aadc24-a391-41cf-b340-3e4529f44bde,93a60a56-a3c8-11da-a746-0800200b9a66
1f630567-ecac-312f-990e-f2c70d54e87f,input,20aadc24-a391-41cf-b340-3e4529f44bde,93a60a56-a3c8-11da-a746-0800200b9a66
5bb4a1be-681e-3c07-af4f-9905fae5b8da,output,20aadc24-a391-41cf-b340-3e4529f44bde,93a60a56-a3c8-11da-a746-0800200b9a66
7c48327f-9fdd-332a-a08e-c4860b517066,input,20aadc24-a391-41cf-b340-3e4529f44bde,93a60a56-a3c8-11da-a746-0800200b9a66
f12acb15-9778-34e1-bb2b-fa812ed44d8d,output,20aadc24-a391-41cf-b340-3e4529f44bde,93a60a56-a3c8-11da-a746-0800200b9a66
7a4a8d4a-5e32-325b-a1f2-c70aae9cb101,input,20aadc24-a391-41cf-b340-3e4529f44bde,93a60a56-a3c8-11da-a746-0800200b9a66
8bebbffe-60ed-3148-a448-f9ee66b61655,output,20aadc24-a391-41cf-b340-3e4529f44bde,93a60a56-a3c8-11da-a746-0800200b9a66
7c9fe9d7-cacf-3f5d-b215-cf0b34c3e126,input,20aadc24-a391-41cf-b340-3e4529f44bde,93a60a56-a3c8-11da-a746-0800200b9a66
bb64949f-da61-3fa0-926b-a151faf25190,output,20aadc24-a391-41cf-b340-3e4529f44bde,93a60a56-a3c8-11da-a746-0800200b9a66
380b42b1-b2a6-344a-9ec9-6e0590eb3246,input,20aadc24-a391-41cf-b340-3e4529f44bde,93a60a56-a3c8-11da-a746-0800200b9a66
cc1e82cb-b5b3-3823-9224-8aed87911cfc,output,20aadc24-a391-41cf-b340-3e4529f44bde,93a60a56-a3c8-11da-a746-0800200b9a66
ea675883-0975-394e-94f0-f26c8281b9e4,input,20aadc24-a391-41cf-b340-3e4529f44bde,93a60a56-a3c8-11da-a746-0800200b9a66
433a2a24-6155-3510-afe7-8c3388740a9a,output,20aadc24-a391-41cf-b340-3e4529f44bde,93a60a56-a3c8-11da-a746-0800200b9a66
87d20120-4348-3b4e-8f2f-36d966b59998,input,20aadc24-a391-41cf-b340-3e4529f44bde,93a60a56-a3c8-11da-a746-0800200b9a66
6b050b49-8115-37b2-b6a0-56816cbcaca0,output,20aadc24-a391-41cf-b340-3e4529f44bde,93a60a56-a3c8-11da-a746-0800200b9a66
63a26e70-403e-3998-84c4-8a8cbaa148df,input,20aadc24-a391-41cf-b340-3e4529f44bde,93a60a56-a3c8-11da-a746-0800200b9a66
928e0661-e188-3da5-8817-e6f4c1f66939,output,20aadc24-a391-41cf-b340-3e4529f44bde,93a60a56-a3c8-11da-a746-0800200b9a66
78c835c4-1198-3f83-a83c-2ae7a8fa58ec,input,20aadc24-a391-41cf-b340-3e4529f44bde,93a60a56-a3c8-11da-a746-0800200b9a66
203659b1-abc0-3a46-9410-63d669e90af2,output,20aadc24-a391-41cf-b340-3e4529f44bde,93a60a56-a3c8-11da-a746-0800200b9a66
e37ebe31-0866-3e46-9c8f-55da1edcfc68,input,20aadc24-a391-41cf-b340-3e4529f44bde,93a60a56-a3c8-11da-a746-0800200b9a66
cb40fee9-0592-3f80-b3e6-ebf7212e0859,output,20aadc24-a391-41cf-b340-3e4529f44bde,93a60a56-a3c8-11da-a746-0800200b9a66
ca76bd7c-ad5a-350b-a40c-b4b6c73fa1d7,input,20aadc24-a391-41cf-b340-3e4529f44bde,93a60a56-a3c8-11da-a746-0800200b9a66
86716fe4-8649-3704-9fa0-6febaeef83a4,output,20aadc24-a391-41cf-b340-3e4529f44bde,93a60a56-a3c8-11da-a746-0800200b9a66
0fb3f597-229b-33ff-9d1a-4ba6b82a1105,input,20aadc24-a391-41cf-b340-3e4529f44bde,93a60a56-a3c8-11da-a746-0800200b9a66
be6a7e36-0ac1-34d5-83b5-114d651312d4,output,20aadc24-a391-41cf-b340-3e4529f44bde,93a60a56-a3c8-11da-a746-0800200b9a66
ad803098-7f21-3a7d-b257-c3abf093a7fe,input,20aadc24-a391-41cf-b340-3e4529f44bde,93a60a56-a3c8-11da-a746-0800200b9a66
a1fb0a31-053c-3976-9542-1c5ec6e809ac,output,20aadc24-a391-41cf-b340-3e4529f44bde,93a60a56-a3c8-11da-a746-0800200b9a66
4e01db2b-cb68-3254-98b5-d108ef3ffbee,input,20aadc24-a391-41cf-b340-3e4529f44bde,93a60a56-a3c8-11da-a746-0800200b9a66
11a3d646-3bd8-372e-9f0e-e0cb2055449b,output,20aadc24-a391-41cf-b340-3e4529f44bde,93a60a56-a3c8-11da-a746-0800200b9a66
b772bc80-7295-3798-bf24-51defef3c8d2,input,20aadc24-a391-41cf-b340-3e4529f44bde,93a60a56-a3c8-11da-a746-0800200b9a66
0943e66a-6266-38e0-b729-91b8dd6c83f4,output,20aadc24-a391-41cf-b340-3e4529f44bde,93a60a56-a3c8-11da-a746-0800200b9a66
890aba0e-7a77-3b5d-819e-571e641ea5a8,input,20aadc24-a391-41cf-b340-3e4529f44bde,93a60a56-a3c8-11da-a746-0800200b9a66
5f24f278-fe2b-3c99-b528-6a00c54728d4,output,20aadc24-a391-41cf-b340-3e4529f44bde,93a60a56-a3c8-11da-a746-0800200b9a66
1a37f06a-8d86-39d0-ba41-95e40ccdafe0,input,20aadc24-a391-41cf-b340-3e4529f44bde,93a60a56-a3c8-11da-a746-0800200b9a66
ee28ff6a-1e49-3b73-b0bd-40ed47304575,output,20aadc24-a391-41cf-b340-3e4529f44bde,93a60a56-a3c8-11da-a746-0800200b9a66
6d5903f5-8fa6-3284-83b8-ab33764c0fca,input,20aadc24-a391-41cf-b340-3e4529f44bde,93a60a56-a3c8-11da-a746-0800200b9a66
bddd1c59-41ef-3271-8841-ef65ef06c14d,output,20aadc24-a391-41cf-b340-3e4529f44bde,93a60a56-a3c8-11da-a746-0800200b9a66
c8199428-fe35-33ec-980c-c826641e4a0c,input,20aadc24-a391-41cf-b340-3e4529f44bde,93a60a56-a3c8-11da-a746-0800200b9a66
3611377e-1216-35b6-88cc-869af617671d,output,20aadc24-a391-41cf-b340-3e4529f44bde,93a60a56-a3c8-11da-a746-0800200b9a66
87d6905b-acbc-3c25-a587-5386a3eaef09,input,20aadc24-a391-41cf-b340-3e4529f44bde,93a60a56-a3c8-11da-a746-0800200b9a66
812c61ad-a6ab-3547-b570-919a3e701c88,output,20aadc24-a391-41cf-b340-3e4529f44bde,93a60a56-a3c8-11da-a746-0800200b9a66
7cbac40c-a70e-3aaf-841c-45f38e69d780,input,20aadc24-a391-41cf-b340-3e4529f44bde,93a60a56-a3c8-11da-a746-0800200b9a66
6ca46386-a930-3569-9d99-ff1579ed0d28,output,20aadc24-a391-41cf-b340-3e4529f44bde,93a60a56-a3c8-11da-a746-0800200b9a66
7bae904b-7f4e-3be8-9009-5b0d4ac2a3c0,input,20aadc24-a391-41cf-b340-3e4529f44bde,93a60a56-a3c8-11da-a746-0800200b9a66
8ce5735c-7e01-3e58-998a-36ca54fcd91c,output,20aadc24-a391-41cf-b340-3e4529f44bde,93a60a56-a3c8-11da-a746-0800200b9a66
0bc58e95-cf7b-3c0b-9937-78ca2e80299b,input,20aadc24-a391-41cf-b340-3e4529f44bde,93a60a56-a3c8-11da-a746-0800200b9a66
6e277e7a-50a4-3f90-8e87-5586e1af6da5,output,20aadc24-a391-41cf-b340-3e4529f44bde,93a60a56-a3c8-11da-a746-0800200b9a66
1268bf5e-cbc5-3026-a3d5-56a5cb8a6ea5,input,20aadc24-a391-41cf-b340-3e4529f44bde,93a60a56-a3c8-11da-a746-0800200b9a66
14c29926-3ace-3fb8-9203-6cc32c58f6a1,output,20aadc24-a391-41cf-b340-3e4529f44bde,93a60a56-a3c8-11da-a746-0800200b9a66
964fdf8d-70fb-3704-9014-3b83aedd2619,input,20aadc24-a391-41cf-b340-3e4529f44bde,93a60a56-a3c8-11da-a746-0800200b9a66
03e9ea95-9b3b-363e-8627-66a7174195a4,output,20aadc24-a391-41cf-b340-3e4529f44bde,93a60a56-a3c8-11da-a746-0800200b9a66
97f5d62e-4cd4-3534-b13d-34d051a59a6e,input,20aadc24-a391-41cf-b340-3e4529f44bde,93a60a56-a3c8-11da-a746-0800200b9a66
fc804b3a-2d04-389d-bdd1-a89ee0583188,output,20aadc24-a391-41cf-b340-3e4529f44bde,93a60a56-a3c8-11da-a746-0800200b9a66
13dc0b57-b79a-3473-bed8-6309cb310543,input,20aadc24-a391-41cf-b340-3e4529f44bde,93a60a56-a3c8-11da-a746-0800200b9a66
819a022a-638a-399c-96d8-2f65752b06f2,output,20aadc24-a391-41cf-b340-3e4529f44bde,93a60a56-a3c8-11da-a746-0800200b9a66
949ae169-18a4-377b-abc0-791a01cab2e6,input,20aadc24-a391-41cf-b340-3e4529f44bde,93a60a56-a3c8-11da-a746-0800200b9a66
feb6c941-6a9d-300c-b8cc-28ca5a548c53,output,20aadc24-a391-41cf-b340-3e4529f44bde,93a60a56-a3c8-11da-a746-0800200b9a66
0bdc3d29-e470-3d31-800c-07b6252ea524,input,20aadc24-a391-41cf-b340-3e4529f44bde,93a60a56-a3c8-11da-a746-0800200b9a66
07e07bfb-f96d-35e0-b0ad-032eb0d7ad18,output,20aadc24-a391-41cf-b340-3e4529f44bde,93a60a56-a3c8-11da-a746-0800200b9a66
770a2ae8-137c-396b-9170-b6037595dcaa,input,20aadc24-a391-41cf-b340-3e4529f44bde,93a60a56-a3c8-11da-a746-0800200b9a66
275cd7c5-bcfe-332c-ac54-1a2fc12359aa,output,20aadc24-a391-41cf-b340-3e4529f44bde,93a60a56-a3c8-11da-a746-0800200b9a66
12de6610-d7c9-3f16-a7e9-eb9dd8d76220,input,20aadc24-a391-41cf-b340-3e4529f44bde,93a60a56-a3c8-11da-a746-0800200b9a66
78ce8bfc-a803-3319-933b-0d374874c8bb,output,20aadc24-a391-41cf-b340-3e4529f44bde,93a60a56-a3c8-11da-a746-0800200b9a66
14fd265d-d03c-3e72-b364-ca790edff205,input,20aadc24-a391-41cf-b340-3e4529f44bde,93a60a56-a3c8-11da-a746-0800200b9a66
2d4eca20-2a11-394a-91ab-f494cc839526,output,20aadc24-a391-41cf-b340-3e4529f44bde,93a60a56-a3c8-11da-a746-0800200b9a66
8a5adbbc-eb17-313a-ad81-ed1892fc698f,input,20aadc24-a391-41cf-b340-3e4529f44bde,93a60a56-a3c8-11da-a746-0800200b9a66
7dc0976f-3b1c-3076-b12c-b6c491bda72d,output,20aadc24-a391-41cf-b340-3e4529f44bde,93a60a56-a3c8-11da-a746-0800200b9a66
2be2f4e4-3611-3f78-a5f3-c9f4c0485353,input,20aadc24-a391-41cf-b340-3e4529f44bde,93a60a56-a3c8-11da-a746-0800200b9a66
d11a5e19-54fc-3f66-b1d8-92353ee9f3ba,output,20aadc24-a391-41cf-b340-3e4529f44bde,93a60a56-a3c8-11da-a746-0800200b9a66
5e1df1d2-6661-33e3-8111-d6f409ba03e5,input,20aadc24-a391-41cf-b340-3e4529f44bde,93a60a56-a3c8-11da-a746-0800200b9a66
a9dfd82d-4992-3f9e-9c92-8aea281af02c,output,20aadc24-a391-41cf-b340-3e4529f44bde,93a60a56-a3c8-11da-a746-0800200b9a66
0c4ad170-4099-38b2-bd45-c7ecd9f24b02,input,20aadc24-a391-41cf-b340-3e4529f44bde,93a60a56-a3c8-11da-a746-0800200b9a66
fffafc41-6c36-3e10-8a0f-8201bdcb8042,output,20aadc24-a391-41cf-b340-3e4529f44bde,93a60a56-a3c8-11da-a746-0800200b9a66
3ba6238d-cec5-3484-b167-01b9be7d52b9,input,20aadc24-a391-41cf-b340-3e4529f44bde,93a60a56-a3c8-11da-a746-0800200b9a66
b1d014e0-c59d-3352-bfb9-23ffdf4f39ba,output,20aadc24-a391-41cf-b340-3e4529f44bde,93a60a56-a3c8-11da-a746-0800200b9a66
ebc37614-8b92-3ba3-9ff4-1e66a45b6acd,input,20aadc24-a391-41cf-b340-3e4529f44bde,93a60a56-a3c8-11da-a746-0800200b9a66
742ec059-ce33-368f-85d9-5823b259b39c,output,20aadc24-a391-41cf-b340-3e4529f44bde,93a60a56-a3c8-11da-a746-0800200b9a66
78028595-571d-3b50-8af3-ba8a8558237e,input,20aadc24-a391-41cf-b340-3e4529f44bde,93a60a56-a3c8-11da-a746-0800200b9a66
63192799-c188-3cb4-84fc-f8f703ca375c,output,20aadc24-a391-41cf-b340-3e4529f44bde,93a60a56-a3c8-11da-a746-0800200b9a66
fde4c7ea-da1b-3511-a2ca-88b434984554,input,20aadc24-a391-41cf-b340-3e4529f44bde,93a60a56-a3c8-11da-a746-0800200b9a66
48bc1434-2e9c-3c4f-be70-e3f53eb7e6af,output,20aadc24-a391-41cf-b340-3e4529f44bde,93a60a56-a3c8-11da-a746-0800200b9a66
72ce6071-f6e0-368f-ac6a-d24ee0a847d8,input,20aadc24-a391-41cf-b340-3e4529f44bde,93a60a56-a3c8-11da-a746-0800200b9a66
b8ef99c4-9a3a-3e18-9fea-d1ba5191cdc8,output,20aadc24-a391-41cf-b340-3e4529f44bde,93a60a56-a3c8-11da-a746-0800200b9a66
18ed9f86-46b1-3948-9bcf-29d00afc75a5,input,20aadc24-a391-41cf-b340-3e4529f44bde,93a60a56-a3c8-11da-a746-0800200b9a66
d974979b-5894-373f-8a0d-03654b7f5ea0,output,20aadc24-a391-41cf-b340-3e4529f44bde,93a60a56-a3c8-11da-a746-0800200b9a66
1f4f00aa-5ff3-3cd1-8f37-a9f50880f7ea,input,20aadc24-a391-41cf-b340-3e4529f44bde,93a60a56-a3c8-11da-a746-0800200b9a66
06ea3177-ed12-3a8d-9022-d7ac9d01b61a,output,20aadc24-a391-41cf-b340-3e4529f44bde,93a60a56-a3c8-11da-a746-0800200b9a66
1d8a663f-5f0a-3288-9d81-5997edd88f26,input,20aadc24-a391-41cf-b340-3e4529f44bde,93a60a56-a3c8-11da-a746-0800200b9a66
ddcf8650-437e-35aa-b05f-955368b06503,output,20aadc24-a391-41cf-b340-3e4529f44bde,93a60a56-a3c8-11da-a746-0800200b9a66
f4bb8597-8c81-3cce-9ef3-00dd71d0a766,input,20aadc24-a391-41cf-b340-3e4529f44bde,93a60a56-a3c8-11da-a746-0800200b9a66
6bad1177-feff-34b5-ab5b-15e4d6fb399a,output,20aadc24-a391-41cf-b340-3e4529f44bde,93a60a56-a3c8-11da-a746-0800200b9a66
58c11ad5-b760-31b8-82ce-531681b12c4f,input,20aadc24-a391-41cf-b340-3e4529f44bde,93a60a56-a3c8-11da-a746-0800200b9a66
e2fdfad6-5462-3c03-8af2-ef1d4a35266e,output,20aadc24-a391-41cf-b340-3e4529f44bde,93a60a56-a3c8-11da-a746-0800200b9a66
61dda36c-b350-32da-ae2e-83613ef0d43b,input,20aadc24-a391-41cf-b340-3e4529f44bde,93a60a56-a3c8-11da-a746-0800200b9a66
b8de8b77-e756-3acd-9ff3-9409e1669e6d,output,20aadc24-a391-41cf-b340-3e4529f44bde,93a60a56-a3c8-11da-a746-0800200b9a66
451d0db7-a0fa-3fd4-9938-e75d4b6b2bdd,input,20aadc24-a391-41cf-b340-3e4529f44bde,93a60a56-a3c8-11da-a746-0800200b9a66
ddedbc6f-5163-3106-ab5b-94957f7909ce,output,20aadc24-a391-41cf-b340-3e4529f44bde,93a60a56-a3c8-11da-a746-0800200b9a66
f3f06379-44ed-3144-81e0-e1e253ae395c,input,20aadc24-a391-41cf-b340-3e4529f44bde,93a60a56-a3c8-11da-a746-0800200b9a66
a5b37f46-3489-39b3-b1e5-cb03c1cc3376,output,20aadc24-a391-41cf-b340-3e4529f44bde,93a60a56-a3c8-11da-a746-0800200b9a66
de1ef3b7-674a-3008-a56d-7870eac6df81,input,20aadc24-a391-41cf-b340-3e4529f44bde,93a60a56-a3c8-11da-a746-0800200b9a66
bf09e463-1310-3ea7-b99b-e5b02eece25f,output,20aadc24-a391-41cf-b340-3e4529f44bde,93a60a56-a3c8-11da-a746-0800200b9a66
f7c68b67-db22-3697-be44-9c2a11af1767,input,20aadc24-a391-41cf-b340-3e4529f44bde,93a60a56-a3c8-11da-a746-0800200b9a66
bf74a08c-af22-3be9-9514-c2158316d108,output,20aadc24-a391-41cf-b340-3e4529f44bde,93a60a56-a3c8-11da-a746-0800200b9a66
5ae87c39-23a3-305c-ad1e-6f3054189cfd,input,20aadc24-a391-41cf-b340-3e4529f44bde,93a60a56-a3c8-11da-a746-0800200b9a66
9f5bb06a-89fa-3057-9f97-300a8ad64ffa,output,20aadc24-a391-41cf-b340-3e4529f44bde,93a60a56-a3c8-11da-a746-0800200b9a66
9a25ea62-815a-3264-ac3f-f16e53208fd4,input,20aadc24-a391-41cf-b340-3e4529f44bde,93a60a56-a3c8-11da-a746-0800200b9a66
1b53bc9b-33be-3573-8140-fa2c540a339c,output,20aadc24-a391-41cf-b340-3e4529f44bde,93a60a56-a3c8-11da-a746-0800200b9a66
b81aa96a-32fe-3477-adc4-6f2e75c5c562,input,20aadc24-a391-41cf-b340-3e4529f44bde,93a60a56-a3c8-11da-a746-0800200b9a66
3bb523e5-355d-342a-8d95-6a8e732c710a,output,20aadc24-a391-41cf-b340-3e4529f44bde,93a60a56-a3c8-11da-a746-0800200b9a66
1c65c1ae-185b-3c32-8451-a24db93b364e,input,20aadc24-a391-41cf-b340-3e4529f44bde,93a60a56-a3c8-11da-a746-0800200b9a66
6d57d6cf-86c8-3b5a-96fe-481b1a822318,output,20aadc24-a391-41cf-b340-3e4529f44bde,93a60a56-a3c8-11da-a746-0800200b9a66
37fd6bf0-1704-3f88-837a-1768adf081f0,input,20aadc24-a391-41cf-b340-3e4529f44bde,93a60a56-a3c8-11da-a746-0800200b9a66
9cc571fd-194f-3b30-9b7d-8424f3d2d7e5,output,20aadc24-a391-41cf-b340-3e4529f44bde,93a60a56-a3c8-11da-a746-0800200b9a66
583ef904-0228-36ee-bc97-b6f06b1947b8,input,20aadc24-a391-41cf-b340-3e4529f44bde,93a60a56-a3c8-11da-a746-0800200b9a66
91353636-2746-3b1e-b491-90344d7f77eb,output,20aadc24-a391-41cf-b340-3e4529f44bde,93a60a56-a3c8-11da-a746-0800200b9a66
63ef3435-c43e-3b7f-baff-f91736a25657,input,20aadc24-a391-41cf-b340-3e4529f44bde,93a60a56-a3c8-11da-a746-0800200b9a66
190225ec-3159-359a-837f-678012ac1ba3,output,20aadc24-a391-41cf-b340-3e4529f44bde,93a60a56-a3c8-11da-a746-0800200b9a66
8ac8f2dc-5f68-3774-9f9d-9b7a9e72fd1d,input,20aadc24-a391-41cf-b340-3e4529f44bde,93a60a56-a3c8-11da-a746-0800200b9a66
fb34fc25-a08b-36a0-bfd6-c7444a8c95e6,output,20aadc24-a391-41cf-b340-3e4529f44bde,93a60a56-a3c8-11da-a746-0800200b9a66
fbee6c23-86d5-3dac-8ac9-a5bc0cef2013,input,20aadc24-a391-41cf-b340-3e4529f44bde,93a60a56-a3c8-11da-a746-0800200b9a66
aa4a4a44-5b33-3de5-aa27-46bcdce34204,output,20aadc24-a391-41cf-b340-3e4529f44bde,93a60a56-a3c8-11da-a746-0800200b9a66
64349539-9f5b-3453-94a4-3917ca821730,input,20aadc24-a391-41cf-b340-3e4529f44bde,93a60a56-a3c8-11da-a746-0800200b9a66
57698a49-1dd4-3580-8d4d-027f7502f88e,output,20aadc24-a391-41cf-b340-3e4529f44bde,93a60a56-a3c8-11da-a746-0800200b9a66
5eff447b-01c7-3dc8-958d-9c7f3bb2242b,input,20aadc24-a391-41cf-b340-3e4529f44bde,93a60a56-a3c8-11da-a746-0800200b9a66
31be6e4c-efa4-36bb-9e9f-b843e0d0eaaa,output,20aadc24-a391-41cf-b340-3e4529f44bde,93a60a56-a3c8-11da-a746-0800200b9a66
33d917d7-dc48-3bf6-9fe5-79585d43d813,input,20aadc24-a391-41cf-b340-3e4529f44bde,93a60a56-a3c8-11da-a746-0800200b9a66
8ed43f6d-f21a-3566-a686-f8e1caa6e4c3,output,20aadc24-a391-41cf-b340-3e4529f44bde,93a60a56-a3c8-11da-a746-0800200b9a66
65302f59-46e3-35f5-b342-6f5917324bfd,input,20aadc24-a391-41cf-b340-3e4529f44bde,93a60a56-a3c8-11da-a746-0800200b9a66
9d373e95-7038-31d2-b9f0-d7e02cc54219,output,20aadc24-a391-41cf-b340-3e4529f44bde,93a60a56-a3c8-11da-a746-0800200b9a66
dd36dcde-52ac-3df0-9d91-24ac701bdd35,input,20aadc24-a391-41cf-b340-3e4529f44bde,93a60a56-a3c8-11da-a746-0800200b9a66
5d290bc5-09f4-331d-ad49-6a6f66c32dd5,output,20aadc24-a391-41cf-b340-3e4529f44bde,93a60a56-a3c8-11da-a746-0800200b9a66
6210ad34-ea51-3393-92ef-85bdc0ffd28f,input,20aadc24-a391-41cf-b340-3e4529f44bde,93a60a56-a3c8-11da-a746-0800200b9a66
d8a00ddb-c4b5-390b-a3a3-c97157762c29,output,20aadc24-a391-41cf-b340-3e4529f44bde,93a60a56-a3c8-11da-a746-0800200b9a66
17a94dda-2ff8-373b-bbf1-2aaaf90d7689,input,20aadc24-a391-41cf-b340-3e4529f44bde,93a60a56-a3c8-11da-a746-0800200b9a66
46802a6b-9d54-3db6-a884-81fee70ce256,output,20aadc24-a391-41cf-b340-3e4529f44bde,93a60a56-a3c8-11da-a746-0800200b9a66
abba91a6-ae6a-3821-aa3f-f824e3d26dbd,input,20aadc24-a391-41cf-b340-3e4529f44bde,93a60a56-a3c8-11da-a746-0800200b9a66
5d186784-c3ad-3cf7-ab9f-eecd42a82e6a,output,20aadc24-a391-41cf-b340-3e4529f44bde,93a60a56-a3c8-11da-a746-0800200b9a66
9269a1fd-b23b-3728-9104-50ecba767e72,input,20aadc24-a391-41cf-b340-3e4529f44bde,93a60a56-a3c8-11da-a746-0800200b9a66
da4bca5d-8dd5-3fa4-91bf-7e8102e93f4d,output,20aadc24-a391-41cf-b340-3e4529f44bde,93a60a56-a3c8-11da-a746-0800200b9a66
d2e337de-6ad1-36d8-9d9a-e04496ea054f,input,20aadc24-a391-41cf-b340-3e4529f44bde,93a60a56-a3c8-11da-a746-0800200b9a66
0c303f9a-7118-3e3d-9303-56d46f978b91,output,20aadc24-a391-41cf-b340-3e4529f44bde,93a60a56-a3c8-11da-a746-0800200b9a66
01c85d38-92f8-330b-b24f-94e1ba566484,input,20aadc24-a391-41cf-b340-3e4529f44bde,93a60a56-a3c8-11da-a746-0800200b9a66
32883801-a1cb-38b3-ace8-b93433a598ed,output,20aadc24-a391-41cf-b340-3e4529f44bde,93a60a56-a3c8-11da-a746-0800200b9a66
fdc70ef7-b98f-3a0d-a401-113413363b4b,input,20aadc24-a391-41cf-b340-3e4529f44bde,93a60a56-a3c8-11da-a746-0800200b9a66
69bc24a4-9746-3060-97ea-894e407f4d0e,output,20aadc24-a391-41cf-b340-3e4529f44bde,93a60a56-a3c8-11da-a746-0800200b9a66
408ca164-7ac8-3558-bb80-86df6d666cdd,input,20aadc24-a391-41cf-b340-3e4529f44bde,93a60a56-a3c8-11da-a746-0800200b9a66
721e85bf-d477-3822-9f18-7a9b0fd97400,output,20aadc24-a391-41cf-b340-3e4529f44bde,93a60a56-a3c8-11da-a746-0800200b9a66
f4c380a3-1e09-36f7-b35a-e42c35775e33,input,20aadc24-a391-41cf-b340-3e4529f44bde,93a60a56-a3c8-11da-a746-0800200b9a66
c3cf7e97-d351-3091-8d19-271e3d1cd372,output,20aadc24-a391-41cf-b340-3e4529f44bde,93a60a56-a3c8-11da-a746-0800200b9a66
94a2535e-f5b3-3282-9b01-abddf5b32929,input,20aadc24-a391-41cf-b340-3e4529f44bde,93a60a56-a3c8-11da-a746-0800200b9a66
804a27da-b20d-356c-9a61-50a590ef0767,output,20aadc24-a391-41cf-b340-3e4529f44bde,93a60a56-a3c8-11da-a746-0800200b9a66
7cb77479-f616-399a-9a07-d78c398ea4fc,input,20aadc24-a391-41cf-b340-3e4529f44bde,93a60a56-a3c8-11da-a746-0800200b9a66
806166bd-bdd6-383f-8a62-e39f9765f4b7,output,20aadc24-a391-41cf-b340-3e4529f44bde,93a60a56-a3c8-11da-a746-0800200b9a66
c6deb788-ee8f-3ae1-b60e-7bf82056eae5,input,20aadc24-a391-41cf-b340-3e4529f44bde,93a60a56-a3c8-11da-a746-0800200b9a66
e1b21679-707d-31de-8b25-c9c596c8428c,output,20aadc24-a391-41cf-b340-3e4529f44bde,93a60a56-a3c8-11da-a746-0800200b9a66
f7c53590-ebd5-3f99-b587-a346bd2f07e5,input,20aadc24-a391-41cf-b340-3e4529f44bde,93a60a56-a3c8-11da-a746-0800200b9a66
65a27fa9-a34c-39a1-9f02-957cd84b24bd,output,20aadc24-a391-41cf-b340-3e4529f44bde,93a60a56-a3c8-11da-a746-0800200b9a66
053bce17-dbc4-3a3d-bf3e-ccc0918b25f4,input,20aadc24-a391-41cf-b340-3e4529f44bde,93a60a56-a3c8-11da-a746-0800200b9a66
613d8685-fe1a-3c46-86de-a321f4c845d6,output,20aadc24-a391-41cf-b340-3e4529f44bde,93a60a56-a3c8-11da-a746-0800200b9a66
a47015c0-2aa5-3a1c-bdad-7d28922eb2b3,input,20aadc24-a391-41cf-b340-3e4529f44bde,93a60a56-a3c8-11da-a746-0800200b9a66
e5ce3950-5cfa-3485-8f7d-217d69ade56b,output,20aadc24-a391-41cf-b340-3e4529f44bde,93a60a56-a3c8-11da-a746-0800200b9a66
893b42ca-fe0b-3de4-9555-a6b6adcac8be,input,20aadc24-a391-41cf-b340-3e4529f44bde,93a60a56-a3c8-11da-a746-0800200b9a66
e4065793-3177-329e-834e-60c382ce004c,output,20aadc24-a391-41cf-b340-3e4529f44bde,93a60a56-a3c8-11da-a746-0800200b9a66
f5f1fd70-2168-32ef-bbd6-aec3c2e7e5a2,input,20aadc24-a391-41cf-b340-3e4529f44bde,93a60a56-a3c8-11da-a746-0800200b9a66
75ef4eb1-4934-37bf-ae76-59a4fbceb9f3,output,20aadc24-a391-41cf-b340-3e4529f44bde,93a60a56-a3c8-11da-a746-0800200b9a66
c3579056-0b46-3e26-aa35-9b004cc989f4,input,20aadc24-a391-41cf-b340-3e4529f44bde,93a60a56-a3c8-11da-a746-0800200b9a66
63999865-32d3-3c63-87a3-ca93247c11e2,output,20aadc24-a391-41cf-b340-3e4529f44bde,93a60a56-a3c8-11da-a746-0800200b9a66
8b0d4d70-b1e8-38c4-b5f8-49c4f50b24c6,input,20aadc24-a391-41cf-b340-3e4529f44bde,93a60a56-a3c8-11da-a746-0800200b9a66
871e452c-715b-30f6-9173-3a97bbf83e66,output,20aadc24-a391-41cf-b340-3e4529f44bde,93a60a56-a3c8-11da-a746-0800200b9a66
faf64b84-cbd8-30a1-bc6d-449a7d5b5e6f,input,20aadc24-a391-41cf-b340-3e4529f44bde,93a60a56-a3c8-11da-a746-0800200b9a66
62af9a65-44b8-3d73-a925-53e74f74602e,output,20aadc24-a391-41cf-b340-3e4529f44bde,93a60a56-a3c8-11da-a746-0800200b9a66
7ea8ce27-166f-30b7-8fda-ebda45995db6,input,20aadc24-a391-41cf-b340-3e4529f44bde,93a60a56-a3c8-11da-a746-0800200b9a66
a46be481-8632-3650-af91-5529664c3782,output,20aadc24-a391-41cf-b340-3e4529f44bde,93a60a56-a3c8-11da-a746-0800200b9a66
b8ca3a5d-f7fa-3a30-95f0-01fcbf169bdd,input,20aadc24-a391-41cf-b340-3e4529f44bde,93a60a56-a3c8-11da-a746-0800200b9a66
595bc6b6-0078-31a3-9738-bff144496b8d,output,20aadc24-a391-41cf-b340-3e4529f44bde,93a60a56-a3c8-11da-a746-0800200b9a66
37172daf-7e99-30c0-8f2f-51079615c610,input,20aadc24-a391-41cf-b340-3e4529f44bde,93a60a56-a3c8-11da-a746-0800200b9a66
e15eb5fa-cbf8-3042-aa77-7f32fbbda28c,output,20aadc24-a391-41cf-b340-3e4529f44bde,93a60a56-a3c8-11da-a746-0800200b9a66
2c2ff70b-c639-3490-ab04-14d285bbfa54,input,20aadc24-a391-41cf-b340-3e4529f44bde,93a60a56-a3c8-11da-a746-0800200b9a66
b15550f0-337e-32d5-88f5-b80ea1d93e2c,output,20aadc24-a391-41cf-b340-3e4529f44bde,93a60a56-a3c8-11da-a746-0800200b9a66
7c135f41-539a-3d07-980b-73a0169e2b91,input,20aadc24-a391-41cf-b340-3e4529f44bde,93a60a56-a3c8-11da-a746-0800200b9a66
3b4bf766-2346-3c83-b45c-ed49a5066023,output,20aadc24-a391-41cf-b340-3e4529f44bde,93a60a56-a3c8-11da-a746-0800200b9a66
4f7d108c-983f-3b28-9821-02d730b751d2,input,20aadc24-a391-41cf-b340-3e4529f44bde,93a60a56-a3c8-11da-a746-0800200b9a66
e5946fb2-46d5-3b34-8d63-ab08f2d4d864,output,20aadc24-a391-41cf-b340-3e4529f44bde,93a60a56-a3c8-11da-a746-0800200b9a66
832270db-fcf1-38ca-941d-4de8a950c20c,input,20aadc24-a391-41cf-b340-3e4529f44bde,93a60a56-a3c8-11da-a746-0800200b9a66
fc03de4c-047c-382a-ba85-e83ab678946d,output,20aadc24-a391-41cf-b340-3e4529f44bde,93a60a56-a3c8-11da-a746-0800200b9a66
e5b465bc-d809-31ab-90a3-9d10b87da1b0,input,20aadc24-a391-41cf-b340-3e4529f44bde,93a60a56-a3c8-11da-a746-0800200b9a66
323ff79a-2512-35c4-b8fc-449b335711de,output,20aadc24-a391-41cf-b340-3e4529f44bde,93a60a56-a3c8-11da-a746-0800200b9a66
8c7b4bdc-abe8-345f-9db8-a29dccbbc021,input,20aadc24-a391-41cf-b340-3e4529f44bde,93a60a56-a3c8-11da-a746-0800200b9a66
d0f0397f-3fdd-3339-a7e6-0ab4d671b27a,output,20aadc24-a391-41cf-b340-3e4529f44bde,93a60a56-a3c8-11da-a746-0800200b9a66
07ee1f2f-26ff-3f1e-82b7-1c474719966a,input,20aadc24-a391-41cf-b340-3e4529f44bde,93a60a56-a3c8-11da-a746-0800200b9a66
0bdc9257-b764-3b7e-808c-b6495f6b48c0,output,20aadc24-a391-41cf-b340-3e4529f44bde,93a60a56-a3c8-11da-a746-0800200b9a66
82abb523-65da-395f-9d8c-9558b9e12eb3,input,20aadc24-a391-41cf-b340-3e4529f44bde,93a60a56-a3c8-11da-a746-0800200b9a66
e017cae2-2959-35a8-9377-ed2362e6e72a,output,20aadc24-a391-41cf-b340-3e4529f44bde,93a60a56-a3c8-11da-a746-0800200b9a66
daa16c72-bd5d-3487-af50-ab1fca0968b4,input,20aadc24-a391-41cf-b340-3e4529f44bde,93a60a56-a3c8-11da-a746-0800200b9a66
caa031ce-350a-31b6-a545-25d2bd3220fc,output,20aadc24-a391-41cf-b340-3e4529f44bde,93a60a56-a3c8-11da-a746-0800200b9a66
9ffd93bc-5645-3dd1-935b-2aa24047b951,input,20aadc24-a391-41cf-b340-3e4529f44bde,93a60a56-a3c8-11da-a746-0800200b9a66
489845ee-6412-37d6-86a3-a4c2801c9888,output,20aadc24-a391-41cf-b340-3e4529f44bde,93a60a56-a3c8-11da-a746-0800200b9a66
ee461aea-eaf6-311b-b04a-34fa46743e9d,input,20aadc24-a391-41cf-b340-3e4529f44bde,93a60a56-a3c8-11da-a746-0800200b9a66
09d88fc4-50fb-32a5-8980-9238f8ff80bc,output,20aadc24-a391-41cf-b340-3e4529f44bde,93a60a56-a3c8-11da-a746-0800200b9a66
7038fbea-5f21-3c21-b271-e5eaa4ffb057,input,20aadc24-a391-41cf-b340-3e4529f44bde,93a60a56-a3c8-11da-a746-0800200b9a66
3777aece-58ab-3060-8601-4351b784c2cf,output,20aadc24-a391-41cf-b340-3e4529f44bde,93a60a56-a3c8-11da-a746-0800200b9a66
0d3cd1d5-b2b4-3d9d-9454-0592c8011c38,input,20aadc24-a391-41cf-b340-3e4529f44bde,93a60a56-a3c8-11da-a746-0800200b9a66
27254e0b-460c-39fa-91b9-0f451a5767ef,output,20aadc24-a391-41cf-b340-3e4529f44bde,93a60a56-a3c8-11da-a746-0800200b9a66
41e0e478-5431-3db4-a65e-33d47fb94557,input,20aadc24-a391-41cf-b340-3e4529f44bde,93a60a56-a3c8-11da-a746-0800200b9a66
07b53cf7-ee90-3a32-b8dd-3788dc38e248,output,20aadc24-a391-41cf-b340-3e4529f44bde,93a60a56-a3c8-11da-a746-0800200b9a66
d71a64c0-59cb-39dd-840b-977da0cfa3bd,input,20aadc24-a391-41cf-b340-3e4529f44bde,93a60a56-a3c8-11da-a746-0800200b9a66
04d1313c-b748-3a12-b322-85cc6eff0015,output,20aadc24-a391-41cf-b340-3e4529f44bde,93a60a56-a3c8-11da-a746-0800200b9a66
d54d24f5-6376-37a8-8348-fba86a69e5dc,input,20aadc24-a391-41cf-b340-3e4529f44bde,93a60a56-a3c8-11da-a746-0800200b9a66
0d9c0d05-4a0b-3d93-be2e-c7630fe23bbd,output,20aadc24-a391-41cf-b340-3e4529f44bde,93a60a56-a3c8-11da-a746-0800200b9a66
9d36711d-ef52-30b5-b2f8-81e81b84db33,input,20aadc24-a391-41cf-b340-3e4529f44bde,93a60a56-a3c8-11da-a746-0800200b9a66
685d030b-4f1b-340b-b186-9917a67e04e9,output,20aadc24-a391-41cf-b340-3e4529f44bde,93a60a56-a3c8-11da-a746-0800200b9a66
67bf09e5-c982-35a2-b575-c4be8ec9a791,input,20aadc24-a391-41cf-b340-3e4529f44bde,93a60a56-a3c8-11da-a746-0800200b9a66
4683792f-3dba-3da0-bf13-ec928dffc85f,output,20aadc24-a391-41cf-b340-3e4529f44bde,93a60a56-a3c8-11da-a746-0800200b9a66
5c37907c-ca63-3d7c-a2b8-0c7fbd342984,input,20aadc24-a391-41cf-b340-3e4529f44bde,93a60a56-a3c8-11da-a746-0800200b9a66
69016316-4d0d-3c2d-a4bd-6d709d5191c1,output,20aadc24-a391-41cf-b340-3e4529f44bde,93a60a56-a3c8-11da-a746-0800200b9a66
7bef1289-38f0-3ac8-9993-f2b311634c2a,input,20aadc24-a391-41cf-b340-3e4529f44bde,93a60a56-a3c8-11da-a746-0800200b9a66
a49f4e60-86e4-3645-ae02-82a01fc60f39,output,20aadc24-a391-41cf-b340-3e4529f44bde,93a60a56-a3c8-11da-a746-0800200b9a66
dc2c1f92-2da6-3952-acf1-44c708085b35,input,20aadc24-a391-41cf-b340-3e4529f44bde,93a60a56-a3c8-11da-a746-0800200b9a66
ac28ba1b-4de6-3494-aac8-7dc57a06bc68,output,20aadc24-a391-41cf-b340-3e4529f44bde,93a60a56-a3c8-11da-a746-0800200b9a66
a6172946-9393-3c62-9bb5-4f79b03577cd,input,20aadc24-a391-41cf-b340-3e4529f44bde,93a60a56-a3c8-11da-a746-0800200b9a66
c0824564-3db8-377d-82d0-8d70dbc25d39,output,20aadc24-a391-41cf-b340-3e4529f44bde,93a60a56-a3c8-11da-a746-0800200b9a66
3ba86c13-d12e-366f-be4b-aa97905d3144,input,20aadc24-a391-41cf-b340-3e4529f44bde,93a60a56-a3c8-11da-a746-0800200b9a66
8a9a7675-8a56-3bc6-9817-1fd5b0670aff,output,20aadc24-a391-41cf-b340-3e4529f44bde,93a60a56-a3c8-11da-a746-0800200b9a66
41769345-29d4-3f98-b53f-a5b7e851d008,input,20aadc24-a391-41cf-b340-3e4529f44bde,93a60a56-a3c8-11da-a746-0800200b9a66
e4e084e0-0621-387a-972e-ab4b6e4d25cd,output,20aadc24-a391-41cf-b340-3e4529f44bde,93a60a56-a3c8-11da-a746-0800200b9a66
a83c8511-762f-3837-b259-5b76d0255b73,input,20aadc24-a391-41cf-b340-3e4529f44bde,93a60a56-a3c8-11da-a746-0800200b9a66
920a6951-95c1-3749-ae63-7e9debd50999,output,20aadc24-a391-41cf-b340-3e4529f44bde,93a60a56-a3c8-11da-a746-0800200b9a66
8a60a9e1-e3a9-3dd2-8b36-af7ca31a077e,input,20aadc24-a391-41cf-b340-3e4529f44bde,93a60a56-a3c8-11da-a746-0800200b9a66
08774cd9-a7d7-35b9-8a6e-57f7f6becb24,output,20aadc24-a391-41cf-b340-3e4529f44bde,93a60a56-a3c8-11da-a746-0800200b9a66
a9272f94-e8de-39bb-8872-b7f1d4c21d54,input,20aadc24-a391-41cf-b340-3e4529f44bde,93a60a56-a3c8-11da-a746-0800200b9a66
2d5aee1c-56cd-3acb-b88e-9d14526b553a,output,20aadc24-a391-41cf-b340-3e4529f44bde,93a60a56-a3c8-11da-a746-0800200b9a66
8e674c47-f2e4-3666-b56d-69b49d6f56e1,input,20aadc24-a391-41cf-b340-3e4529f44bde,93a60a56-a3c8-11da-a746-0800200b9a66
427e4bc4-019c-38a2-8ff8-b3b9cf37556a,output,20aadc24-a391-41cf-b340-3e4529f44bde,93a60a56-a3c8-11da-a746-0800200b9a66
7c500c60-2803-3082-b97d-23d6086e7353,input,20aadc24-a391-41cf-b340-3e4529f44bde,93a60a56-a3c8-11da-a746-0800200b9a66
6acfa5d8-2316-3903-afd4-86c8aea91374,output,20aadc24-a391-41cf-b340-3e4529f44bde,93a60a56-a3c8-11da-a746-0800200b9a66
4a67f42c-a4a1-3f2b-99f0-986e4aa5672e,input,20aadc24-a391-41cf-b340-3e4529f44bde,93a60a56-a3c8-11da-a746-0800200b9a66
452626b7-c582-3d12-932d-1dec260a2276,output,20aadc24-a391-41cf-b340-3e4529f44bde,93a60a56-a3c8-11da-a746-0800200b9a66
161e774a-c76b-3d6c-aeee-c0e4dfddf0d1,input,20aadc24-a391-41cf-b340-3e4529f44bde,93a60a56-a3c8-11da-a746-0800200b9a66
8e1e4b5e-c810-329d-a909-08f0545fb2ca,output,20aadc24-a391-41cf-b340-3e4529f44bde,93a60a56-a3c8-11da-a746-0800200b9a66
fb1ecbe6-6ff3-3023-9a37-2997d01ac953,input,20aadc24-a391-41cf-b340-3e4529f44bde,93a60a56-a3c8-11da-a746-0800200b9a66
6f25c7a2-2803-3ad1-909f-d8d1d859e9a9,output,20aadc24-a391-41cf-b340-3e4529f44bde,93a60a56-a3c8-11da-a746-0800200b9a66
91ca7fdd-5b6c-32f5-aeef-f08c96f80992,input,20aadc24-a391-41cf-b340-3e4529f44bde,93a60a56-a3c8-11da-a746-0800200b9a66
35f92107-ea16-37a7-afd8-14a966563395,output,20aadc24-a391-41cf-b340-3e4529f44bde,93a60a56-a3c8-11da-a746-0800200b9a66
b5a8340b-aec9-3eec-9407-794159c9935b,input,20aadc24-a391-41cf-b340-3e4529f44bde,93a60a56-a3c8-11da-a746-0800200b9a66
5340d3f7-d2c1-38dc-a2db-e698862d398b,output,20aadc24-a391-41cf-b340-3e4529f44bde,93a60a56-a3c8-11da-a746-0800200b9a66
3ff2e630-6c09-3bd0-b3d4-1a4f9f8b65f7,input,20aadc24-a391-41cf-b340-3e4529f44bde,93a60a56-a3c8-11da-a746-0800200b9a66
105e33ce-425f-34ed-9ead-ca1f0b3554b1,output,20aadc24-a391-41cf-b340-3e4529f44bde,93a60a56-a3c8-11da-a746-0800200b9a66
48ac0cb7-da2e-3f55-b62d-a58c2146bc9d,input,20aadc24-a391-41cf-b340-3e4529f44bde,93a60a56-a3c8-11da-a746-0800200b9a66
1493ed5e-7f11-3a52-b684-816f2f66165e,output,20aadc24-a391-41cf-b340-3e4529f44bde,93a60a56-a3c8-11da-a746-0800200b9a66
d044b15e-41cf-30dd-9b03-332b01a60d92,input,20aadc24-a391-41cf-b340-3e4529f44bde,93a60a56-a3c8-11da-a746-0800200b9a66
